URL,Version,Status,OIDs,Name,Title,Description,Used
http://hl7.org/fhir/CodeSystem/medicationrequest-intent,4.0.1,draft,"2.16.840.1.113883.4.642.4.1378",medicationRequest Intent,Medication request  intent,"MedicationRequest Intent Codes","ValueSet/medicationrequest-intent"
http://hl7.org/fhir/CodeSystem/medicationrequest-status,4.0.1,draft,"2.16.840.1.113883.4.642.4.1377",medicationrequest Status,Medicationrequest  status,"MedicationRequest Status Codes","ValueSet/medicationrequest-status"
http://hl7.org/fhir/CodeSystem/task-code,4.0.1,active,"2.16.840.1.113883.4.642.4.1397",TaskCode,Task Codes,"Codes indicating the type of action that is expected to be performed","ValueSet/task-code"
http://hl7.org/fhir/days-of-week,4.0.1,active,"2.16.840.1.113883.4.642.4.513",DaysOfWeek,DaysOfWeek,"The days of the week.","ValueSet/days-of-week"
http://hl7.org/fhir/event-timing,4.0.1,active,"2.16.840.1.113883.4.642.4.76",EventTiming,EventTiming,"Real world event relating to the schedule.","ValueSet/event-timing"
http://hl7.org/fhir/quantity-comparator,4.0.1,active,"2.16.840.1.113883.4.642.4.60",QuantityComparator,QuantityComparator,"How the Quantity should be understood and represented.","ValueSet/quantity-comparator"
http://hl7.org/fhir/request-intent,4.0.1,draft,"2.16.840.1.113883.4.642.4.114",RequestIntent,RequestIntent,"Codes indicating the degree of authority/intentionality associated with a request.","ValueSet/task-intent"
http://hl7.org/fhir/request-priority,4.0.1,draft,"2.16.840.1.113883.4.642.4.116",RequestPriority,RequestPriority,"Identifies the level of importance to be assigned to actioning the request.","ValueSet/request-priority"
http://hl7.org/fhir/resource-types,4.0.1,active,,ResourceType,ResourceType,"One of the resource types defined as part of this version of FHIR.","ValueSet/resource-types"
http://hl7.org/fhir/task-intent,4.0.1,draft,"2.16.840.1.113883.4.642.4.1241",TaskIntent,TaskIntent,"Distinguishes whether the task is a proposal, plan or full order.","ValueSet/task-intent"
http://hl7.org/fhir/task-status,4.0.1,draft,"2.16.840.1.113883.4.642.4.791",TaskStatus,TaskStatus,"The current status of the task.","ValueSet/task-status"
http://snomed.info/sct,null,active,"2.16.840.1.113883.6.96",SNOMED_CT,SNOMED CT (all versions),"SNOMED CT is the most comprehensive and precise clinical health terminology product in the world, owned and distributed around the world by The International Health Terminology Standards Development Organisation (IHTSDO).","ValueSet/condition-code,ValueSet/performer-role,ValueSet/additional-instruction-codes,ValueSet/fr-treatment-intent,ValueSet/approach-site-codes,ValueSet/medication-as-needed-reason"
http://standardterms.edqm.eu,5 February 2025,active,"0.4.0.127.0.16.1.1.2.1",EDQM_Standard_Terms,EDQM Standard Terms,"Standard terms published by the European Directorate for the Quality of Medicines & HealthCare (EDQM) for pharmaceutical dose forms, routes and methods of administration, containers, closures, administration devices and units of presentation.","ValueSet/fr-route-of-administration,ValueSet/FrMethodOfAdministration"
http://terminology.hl7.org/CodeSystem/dose-rate-type,4.0.1,draft,"2.16.840.1.113883.4.642.4.1069",DoseAndRateType,DoseAndRateType,"The kind of dose or rate specified.","ValueSet/dose-rate-type"
http://terminology.hl7.org/CodeSystem/medicationrequest-category,4.0.1,draft,"2.16.840.1.113883.4.642.4.1323",medicationRequest Category Codes,Medication request  category  codes,"MedicationRequest Category Codes","ValueSet/medicationrequest-category"
http://terminology.hl7.org/CodeSystem/medicationrequest-course-of-therapy,4.0.1,draft,"2.16.840.1.113883.4.642.4.1327",medicationRequest Course of Therapy Codes,Medication request  course of  therapy  codes,"MedicationRequest Course of Therapy Codes","ValueSet/medicationrequest-course-of-therapy"
http://terminology.hl7.org/CodeSystem/medicationrequest-status-reason,4.0.1,draft,"2.16.840.1.113883.4.642.4.1325",medicationRequest Status Reason Codes,Medication request  status  reason  codes,"MedicationRequest Status Reason Codes","ValueSet/medicationrequest-status-reason"
http://terminology.hl7.org/CodeSystem/v3-ActReason,2018-08-12,active,"2.16.840.1.113883.5.8",v3.ActReason,v3 Code System ActReason," A set of codes specifying the motivation, cause, or rationale of an Act, when such rationale is not reasonably represented as an ActRelationship of type ""has reason"" linking to another Act.  Examples:  Example reasons that might qualify for being coded in this field might be: ""routine requirement"", ""infectious disease reporting requirement"", ""on patient request"", ""required by law"".","ValueSet/v3-SubstanceAdminSubstitutionReason"
http://terminology.hl7.org/CodeSystem/v3-GTSAbbreviation,2018-08-12,active,"2.16.840.1.113883.5.1022",v3.GTSAbbreviation,v3 Code System GTSAbbreviation,"  Open Issue:  It appears that the printnames are suboptimal and should be improved for many of the existing codes.","ValueSet/timing-abbreviation"
http://terminology.hl7.org/CodeSystem/v3-TimingEvent,2018-08-12,active,"2.16.840.1.113883.5.139",v3.TimingEvent,v3 Code System TimingEvent,"**** MISSING DEFINITIONS ****","ValueSet/event-timing"
http://terminology.hl7.org/CodeSystem/v3-substanceAdminSubstitution,2018-08-12,active,"2.16.840.1.113883.5.1070",v3.substanceAdminSubstitution,v3 Code System substanceAdminSubstitution," Identifies what sort of change is permitted or has occurred between the therapy that was ordered and the therapy that was/will be provided.","ValueSet/v3-ActSubstanceAdminSubstitutionCode"
http://unitsofmeasure.org,3.0.1,active,,UCUM,Unified Code for Units of Measure (UCUM),"The Unified Code for Units of Measure (UCUM) is a code system intended to include all units of measures being contemporarily used in international science, engineering, and business. The purpose is to facilitate unambiguous electronic communication of quantities together with their units. The focus is on electronic communication, as opposed to communication between humans. A typical application of The Unified Code for Units of Measure are electronic data interchange (EDI) protocols, but there is nothing that prevents it from being used in other types of machine communication.","ValueSet/units-of-time"
https://hl7.fr/ig/fhir/analyse-pharma/CodeSystem/fr-pharmaceutical-analysis-result-code,0.1.0,draft,,FrPharmaceuticalAnalysisResultCode,code system d'Interop'Santé - Codes de résultat d'analyse pharmaceutique,"Le système de codage pour le typage du résultat d'analyse pharmaceutique.","ValueSet/fr-pharmaceutical-analysis-result-code-value-set"
https://hl7.fr/ig/fhir/analyse-pharma/CodeSystem/fr-pharmaceutical-intervention-devenir-code,0.1.0,draft,,FrPharmaceuticalInterventionDevenirCode,code system d'Interop'Santé - Codes de devenir de l'intervention pharmaceutique,"Le système de codage pour le typage du devenir l'intervention pharmaceutique.","ValueSet/fr-pharmaceutical-intervention-devenir-code-value-set"
https://hl7.fr/ig/fhir/analyse-pharma/CodeSystem/fr-pharmaceutical-intervention-problem-code,0.1.0,draft,,FrPharmaceuticalInterventionProblemCode,code system d'Interop'Santé - Codes du problème identifié dans l'intervention pharmaceutique,"Le système de codage pour le typage du problème identifié dans l'intervention pharmaceutique.","ValueSet/fr-pharmaceutical-intervention-problem-code-value-set"
https://hl7.fr/ig/fhir/analyse-pharma/CodeSystem/fr-pharmaceutical-intervention-type-code,0.1.0,draft,,FrPharmaceuticalInterventionTypeCode,code system d'Interop'Santé - Codes du type d'intervention pharmaceutique,"Le système de codage pour le typage de l'intervention pharmaceutique.","ValueSet/fr-pharmaceutical-intervention-type-code-value-set"
https://mos.esante.gouv.fr/NOS/TRE_G15-ProfessionSante/FHIR/TRE-G15-ProfessionSante,1.3.0,active,"1.2.250.1.71.1.2.7",TRE_G15-ProfessionSante,,"Professions de santé définies par le code de la santé publique","ValueSet/fr-pharmaceutical-analysis-perfomer-type-value-set"
https://mos.esante.gouv.fr/NOS/TRE_G16-ProfessionFormation/FHIR/TRE-G16-ProfessionFormation,1.3.0,active,"1.2.250.1.71.1.2.8",TRE_G16-ProfessionFormation,,"Professions en formation (carte CPF)","ValueSet/fr-pharmaceutical-analysis-perfomer-type-value-set"
https://mos.esante.gouv.fr/NOS/TRE_R85-RolePriseCharge/FHIR/TRE-R85-RolePriseCharge,1.3.0,active,"1.2.250.1.213.1.6.1.107",TRE_R85-RolePriseCharge,,"Rôle dans la prise en charge des patients ou des usagers","ValueSet/fr-pharmaceutical-analysis-perfomer-type-value-set"
urn:ietf:bcp:47,2.0.1,active,,Ietf3066,Tags for the Identification of Languages,"Older value from OID registry.  Superceded; see recommendations in BCP-47.","ValueSet/languages"
