URL,Version,Status,OIDs,Name,Title,Description,Uses,Used,Sources
http://hl7.org/fhir/ValueSet/additional-instruction-codes,4.0.1,draft,"2.16.840.1.113883.4.642.3.95",SNOMEDCTAdditionalDosageInstructions,SNOMED CT Additional Dosage Instructions,"This value set includes all SNOMED CT Additional Dosage Instructions.","StructureDefinition/fr-inpatient-pharmaceutical-intervention-suggestion","SCT"
http://hl7.org/fhir/ValueSet/approach-site-codes,4.0.1,draft,"2.16.840.1.113883.4.642.3.346",SNOMEDCTAnatomicalStructureForAdministrationSiteCodes,SNOMED CT Anatomical Structure for Administration Site Codes,"This value set includes Anatomical Structure codes from SNOMED CT - provided as an exemplar.","StructureDefinition/fr-inpatient-pharmaceutical-intervention-suggestion","SCT"
http://hl7.org/fhir/ValueSet/condition-code,4.0.1,draft,"2.16.840.1.113883.4.642.3.161",Condition/Problem/DiagnosisCodes,Condition/Problem/Diagnosis Codes,"Example value set for Condition/Problem/Diagnosis codes.","StructureDefinition/fr-inpatient-pharmaceutical-intervention-suggestion","SCT"
http://hl7.org/fhir/ValueSet/days-of-week,4.0.1,active,"2.16.840.1.113883.4.642.3.512",DaysOfWeek,DaysOfWeek,"The days of the week.","StructureDefinition/fr-inpatient-pharmaceutical-intervention-suggestion","hl7.fhir.r4.core"
http://hl7.org/fhir/ValueSet/dose-rate-type,4.0.1,draft,"2.16.840.1.113883.4.642.3.981",DoseAndRateType,DoseAndRateType,"The kind of dose or rate specified.","StructureDefinition/fr-inpatient-pharmaceutical-intervention-suggestion","THO"
http://hl7.org/fhir/ValueSet/event-timing,4.0.1,active,"2.16.840.1.113883.4.642.3.75",EventTiming,EventTiming,"Real world event relating to the schedule.","StructureDefinition/fr-inpatient-pharmaceutical-intervention-suggestion","THO (V3),hl7.fhir.r4.core"
http://hl7.org/fhir/ValueSet/languages,4.0.1,draft,"2.16.840.1.113883.4.642.3.20",CommonLanguages,Common Languages,"This value set includes common codes from BCP-47 (http://tools.ietf.org/html/bcp47)","StructureDefinition/fr-inpatient-pharmaceutical-analysis-result,StructureDefinition/fr-inpatient-pharmaceutical-intervention-suggestion","hl7.fhir.uv.xver-r5.r4"
http://hl7.org/fhir/ValueSet/medication-as-needed-reason,4.0.1,draft,"2.16.840.1.113883.4.642.3.96",SNOMEDCTMedicationAsNeededReasonCodes,SNOMED CT Medication As Needed Reason Codes,"This value set includes all clinical findings from SNOMED CT - provided as an exemplar value set.","StructureDefinition/fr-inpatient-pharmaceutical-intervention-suggestion","SCT"
http://hl7.org/fhir/ValueSet/medicationrequest-category,4.0.1,draft,"2.16.840.1.113883.4.642.3.1322",medicationRequest Category Codes,Medication request  category  codes,"MedicationRequest Category Codes","StructureDefinition/fr-inpatient-pharmaceutical-intervention-suggestion","THO"
http://hl7.org/fhir/ValueSet/medicationrequest-course-of-therapy,4.0.1,draft,"2.16.840.1.113883.4.642.3.1326",medicationRequest Course of Therapy Codes,Medication request  course of  therapy  codes,"MedicationRequest Course of Therapy Codes","StructureDefinition/fr-inpatient-pharmaceutical-intervention-suggestion","THO"
http://hl7.org/fhir/ValueSet/medicationrequest-intent,4.0.1,draft,"2.16.840.1.113883.4.642.3.1321",medicationRequest Intent,Medication request  intent,"MedicationRequest Intent Codes","StructureDefinition/fr-inpatient-pharmaceutical-intervention-suggestion","hl7.fhir.r4.core"
http://hl7.org/fhir/ValueSet/medicationrequest-status,4.0.1,draft,"2.16.840.1.113883.4.642.3.1320",medicationrequest Status,Medicationrequest  status,"MedicationRequest Status Codes","StructureDefinition/fr-inpatient-pharmaceutical-intervention-suggestion","hl7.fhir.r4.core"
http://hl7.org/fhir/ValueSet/medicationrequest-status-reason,4.0.1,draft,"2.16.840.1.113883.4.642.3.1324",medicationRequest Status Reason Codes,Medication request  status  reason  codes,"MedicationRequest Status Reason Codes","StructureDefinition/fr-inpatient-pharmaceutical-intervention-suggestion","THO"
http://hl7.org/fhir/ValueSet/performer-role,4.0.1,draft,"2.16.840.1.113883.4.642.3.433",ProcedurePerformerRoleCodes,Procedure Performer Role Codes,"This example value set defines the set of codes that can be used to indicate a role of a procedure performer.","StructureDefinition/fr-inpatient-pharmaceutical-intervention-suggestion","SCT"
http://hl7.org/fhir/ValueSet/quantity-comparator,4.0.1,active,"2.16.840.1.113883.4.642.3.59",QuantityComparator,QuantityComparator,"How the Quantity should be understood and represented.","StructureDefinition/fr-inpatient-pharmaceutical-intervention-suggestion","hl7.fhir.r4.core"
http://hl7.org/fhir/ValueSet/request-priority,4.0.1,draft,"2.16.840.1.113883.4.642.3.115",RequestPriority,Request priority,"The clinical priority of a diagnostic order.","StructureDefinition/fr-inpatient-pharmaceutical-analysis-result,StructureDefinition/fr-inpatient-pharmaceutical-intervention-suggestion","hl7.fhir.r4.core"
http://hl7.org/fhir/ValueSet/resource-types,4.0.1,active,"2.16.840.1.113883.4.642.3.27",ResourceType,ResourceType,"One of the resource types defined as part of this version of FHIR.","StructureDefinition/fr-inpatient-pharmaceutical-intervention-suggestion","hl7.fhir.r4.core"
http://hl7.org/fhir/ValueSet/task-code,4.0.1,active,"2.16.840.1.113883.4.642.3.1396",TaskCode,Task Codes,"Codes indicating the type of action that is expected to be performed","StructureDefinition/fr-inpatient-pharmaceutical-analysis-result","hl7.fhir.r4.core"
http://hl7.org/fhir/ValueSet/task-intent,4.0.1,draft,"2.16.840.1.113883.4.642.3.1240",TaskIntent,TaskIntent,"Distinguishes whether the task is a proposal, plan or full order.","StructureDefinition/fr-inpatient-pharmaceutical-analysis-result","hl7.fhir.r4.core"
http://hl7.org/fhir/ValueSet/task-status,4.0.1,draft,"2.16.840.1.113883.4.642.3.790",TaskStatus,TaskStatus,"The current status of the task.","StructureDefinition/fr-inpatient-pharmaceutical-analysis-result","hl7.fhir.r4.core"
http://hl7.org/fhir/ValueSet/timing-abbreviation,4.0.1,draft,"2.16.840.1.113883.4.642.3.78",TimingAbbreviation,TimingAbbreviation,"Code for a known / defined timing pattern.","StructureDefinition/fr-inpatient-pharmaceutical-intervention-suggestion","THO (V3)"
http://hl7.org/fhir/ValueSet/units-of-time,4.0.1,active,"2.16.840.1.113883.4.642.3.77",UnitsOfTime,UnitsOfTime,"A unit of time (units from UCUM).","StructureDefinition/fr-inpatient-pharmaceutical-intervention-suggestion","UCUM"
http://terminology.hl7.org/ValueSet/v3-ActSubstanceAdminSubstitutionCode,2014-03-26,active,"2.16.840.1.113883.1.11.16621",v3.ActSubstanceAdminSubstitutionCode,V3 Value SetActSubstanceAdminSubstitutionCode,"No Description Provided","StructureDefinition/fr-inpatient-pharmaceutical-intervention-suggestion","THO (V3)"
http://terminology.hl7.org/ValueSet/v3-SubstanceAdminSubstitutionReason,2014-03-26,active,"2.16.840.1.113883.1.11.19377",v3.SubstanceAdminSubstitutionReason,V3 Value SetSubstanceAdminSubstitutionReason,"No Description Provided","StructureDefinition/fr-inpatient-pharmaceutical-intervention-suggestion","THO (V3)"
https://hl7.fr/ig/fhir/analyse-pharma/ValueSet/fr-pharmaceutical-analysis-perfomer-type-value-set,0.1.0-ballot,draft,,FrPharmaceuticalAnalysisPerformerTypeValueSet,Jeu de valeurs Interop'Santé - Codes de résultat d'analyse pharmaceutique,"Codes représentant le type de résultat de l'analyse pharmaceutique","StructureDefinition/fr-inpatient-pharmaceutical-analysis-result","ans.fr.nos"
https://hl7.fr/ig/fhir/analyse-pharma/ValueSet/fr-pharmaceutical-analysis-result-code-value-set,0.1.0-ballot,draft,,FrPharmaceuticalAnalysisResultCodeValueSet,Jeu de valeurs Interop'Santé - Codes de résultat d'analyse pharmaceutique,"Codes représentant le type de résultat de l'analyse pharmaceutique","StructureDefinition/fr-inpatient-pharmaceutical-analysis-result","Internal"
https://hl7.fr/ig/fhir/analyse-pharma/ValueSet/fr-pharmaceutical-intervention-devenir-code-value-set,0.1.0-ballot,draft,,FrPharmaceuticalInterventionDevenirCodeValueSet,Jeu de valeurs Interop'Santé - Codes de devenir de l'intervention pharmaceutique,"Codes représentant le devenir de l'intervention pharmaceutique","StructureDefinition/fr-inpatient-pharmaceutical-analysis-result","Internal"
https://hl7.fr/ig/fhir/analyse-pharma/ValueSet/fr-pharmaceutical-intervention-problem-code-value-set,0.1.0-ballot,draft,,FrPharmaceuticalInterventionProblemCodeValueSet,Jeu de valeurs Interop'Santé - Codes du problème identifié dans l'intervention pharmaceutique,"Codes représentant le problème identifié dans l'intervention pharmaceutique","StructureDefinition/fr-inpatient-pharmaceutical-analysis-result","Internal"
https://hl7.fr/ig/fhir/analyse-pharma/ValueSet/fr-pharmaceutical-intervention-type-code-value-set,0.1.0-ballot,draft,,FrPharmaceuticalInterventionTypeCodeValueSet,Jeu de valeurs Interop'Santé - Codes du type d'intervention pharmaceutique,"Codes représentant le type d'intervention pharmaceutique","StructureDefinition/fr-inpatient-pharmaceutical-analysis-result","Internal"
https://interop.esante.gouv.fr/ig/fhir/eprescription/ValueSet/FrMethodOfAdministration,1.1.0-ballot,draft,,FrMethodOfAdministration,French Method Of Administration,"Le jeu de valeurs à utiliser pour coder l'élément *dosageInstruction.method* de la ressource *FRMedicationRequest*.","StructureDefinition/fr-inpatient-pharmaceutical-intervention-suggestion","Other"
https://interop.esante.gouv.fr/ig/fhir/eprescription/ValueSet/fr-inpatient-medication-code,1.1.0-ballot,draft,,FRInpatientMedicationCodes,value set Interop'Santé - Codes identifiant les médicaments destinés à être prescrits en milieu hospitalier,"Le jeu de valeurs à utiliser pour indiquer le médicament dans Medication.code.coding.code","StructureDefinition/fr-inpatient-pharmaceutical-intervention-suggestion","Other"
https://interop.esante.gouv.fr/ig/fhir/eprescription/ValueSet/fr-route-of-administration,1.1.0-ballot,draft,,FrRouteOfAdministration,French Route of Administration,"Le jeu de valeurs à utiliser pour coder l'élément *dosageInstruction.route* de la ressource *FRMedicationRequest*.","StructureDefinition/fr-inpatient-pharmaceutical-intervention-suggestion","Other"
https://interop.esante.gouv.fr/ig/fhir/eprescription/ValueSet/fr-treatment-intent,1.1.0-ballot,draft,,FrTreatmentIntent,French overall intention of the treatment,"Le jeu de valeurs à utiliser pour coder l'élément *treatmentIntent* de la ressource *FRInpatientMedicationRequest*.","StructureDefinition/fr-inpatient-pharmaceutical-intervention-suggestion","SCT"
